S.No,Registration No's
1,BL.EN.U4CSE24001
2,BL.EN.U4CSE24002
3,BL.EN.U4CSE24003
4,BL.EN.U4CSE24004
5,BL.EN.U4CSE24005
6,BL.EN.U4CSE24006
7,BL.EN.U4CSE24007
8,BL.EN.U4CSE24008
9,BL.EN.U4CSE24009
10,BL.EN.U4CSE24010
11,BL.EN.U4CSE24011
12,BL.EN.U4CSE24012
13,BL.EN.U4CSE24013
14,BL.EN.U4CSE24014
15,BL.EN.U4CSE24015
16,BL.EN.U4CSE24016
17,BL.EN.U4CSE24017
18,BL.EN.U4CSE24018
19,BL.EN.U4CSE24019
20,BL.EN.U4CSE24020
21,BL.EN.U4CSE24021
22,BL.EN.U4CSE24022
23,BL.EN.U4CSE24023
24,BL.EN.U4CSE24024
25,BL.EN.U4CSE24025
26,BL.EN.U4CSE24026
27,BL.EN.U4CSE24027
28,BL.EN.U4CSE24028
29,BL.EN.U4CSE24029
30,BL.EN.U4CSE24030
31,BL.EN.U4CSE24031
32,BL.EN.U4CSE24032
33,BL.EN.U4CSE24033
34,BL.EN.U4CSE24034
35,BL.EN.U4CSE24035
36,BL.EN.U4CSE24036
37,BL.EN.U4CSE24037
38,BL.EN.U4CSE24038
39,BL.EN.U4CSE24039
40,BL.EN.U4CSE24040
41,BL.EN.U4CSE24041
42,BL.EN.U4CSE24042
43,BL.EN.U4CSE24043
44,BL.EN.U4CSE24044
45,BL.EN.U4CSE24045
46,BL.EN.U4CSE24046
47,BL.EN.U4CSE24047
48,BL.EN.U4CSE24048
49,BL.EN.U4CSE24049
50,BL.EN.U4CSE24050
51,BL.EN.U4AIE24001
52,BL.EN.U4AIE24002
53,BL.EN.U4AIE24003
54,BL.EN.U4AIE24004
55,BL.EN.U4AIE24005
56,BL.EN.U4AIE24006
57,BL.EN.U4AIE24007
58,BL.EN.U4AIE24008
59,BL.EN.U4AIE24009
60,BL.EN.U4AIE24010
61,BL.EN.U4AIE24011
62,BL.EN.U4AIE24012
63,BL.EN.U4AIE24013
64,BL.EN.U4AIE24014
65,BL.EN.U4AIE24015
66,BL.EN.U4AIE24016
67,BL.EN.U4AIE24017
68,BL.EN.U4AIE24018
69,BL.EN.U4AIE24019
70,BL.EN.U4AIE24020
71,BL.EN.U4AIE24021
72,BL.EN.U4AIE24022
73,BL.EN.U4AIE24023
74,BL.EN.U4AIE24024
75,BL.EN.U4AIE24025
76,BL.EN.U4AIE24026
77,BL.EN.U4AIE24027
78,BL.EN.U4AIE24028
79,BL.EN.U4AIE24029
80,BL.EN.U4AIE24030
81,BL.EN.U4AIE24031
82,BL.EN.U4AIE24032
83,BL.EN.U4AIE24033
84,BL.EN.U4AIE24034
85,BL.EN.U4AIE24035
86,BL.EN.U4AIE24036
87,BL.EN.U4AIE24037
88,BL.EN.U4AIE24038
89,BL.EN.U4AIE24039
90,BL.EN.U4AIE24040
91,BL.EN.U4AIE24041
92,BL.EN.U4AIE24042
93,BL.EN.U4AIE24043
94,BL.EN.U4AIE24044
95,BL.EN.U4AIE24045
96,BL.EN.U4AID24001
97,BL.EN.U4AID24002
98,BL.EN.U4AID24003
99,BL.EN.U4AID24004
100,BL.EN.U4AID24005
101,BL.EN.U4AID24006
102,BL.EN.U4AID24007
103,BL.EN.U4AID24008
104,BL.EN.U4AID24009
105,BL.EN.U4AID24010
106,BL.EN.U4AID24011
107,BL.EN.U4AID24012
108,BL.EN.U4AID24013
109,BL.EN.U4AID24014
110,BL.EN.U4AID24015
111,BL.EN.U4AID24016
112,BL.EN.U4AID24017
113,BL.EN.U4AID24018
114,BL.EN.U4AID24019
115,BL.EN.U4AID24020
116,BL.EN.U4AID24021
117,BL.EN.U4AID24022
118,BL.EN.U4AID24023
119,BL.EN.U4AID24024
120,BL.EN.U4AID24025
121,BL.EN.U4AID24026
122,BL.EN.U4AID24027
123,BL.EN.U4AID24028
124,BL.EN.U4AID24029
125,BL.EN.U4AID24030
126,BL.EN.U4AID24031
127,BL.EN.U4AID24032
128,BL.EN.U4AID24033
129,BL.EN.U4AID24034
130,BL.EN.U4AID24035
131,BL.EN.U4AID24036
132,BL.EN.U4AID24037
133,BL.EN.U4AID24038
134,BL.EN.U4AID24039
135,BL.EN.U4AID24040
136,BL.EN.U4AID24041
137,BL.EN.U4AID24042
138,BL.EN.U4AID24043
139,BL.EN.U4AID24044
140,BL.EN.U4AID24045
141,BL.EN.U4AID24046
142,BL.EN.U4AID24047
143,BL.EN.U4AID24048
144,BL.EN.U4AID24049
145,BL.EN.U4AID24050
146,BL.EN.U4AID24051
147,BL.EN.U4AID24052
148,BL.EN.U4AID24053
149,BL.EN.U4AID24054
150,BL.EN.U4AID24055
151,BL.EN.U4ECE24001
152,BL.EN.U4ECE24002
153,BL.EN.U4ECE24003
154,BL.EN.U4ECE24004
155,BL.EN.U4ECE24005
156,BL.EN.U4ECE24006
157,BL.EN.U4ECE24007
158,BL.EN.U4ECE24008
159,BL.EN.U4ECE24009
160,BL.EN.U4ECE24010
161,BL.EN.U4ECE24011
162,BL.EN.U4ECE24012
163,BL.EN.U4ECE24013
164,BL.EN.U4ECE24014
165,BL.EN.U4ECE24015
166,BL.EN.U4ECE24016
167,BL.EN.U4ECE24017
168,BL.EN.U4ECE24018
169,BL.EN.U4ECE24019
170,BL.EN.U4ECE24020
171,BL.EN.U4ECE24021
172,BL.EN.U4ECE24022
173,BL.EN.U4ECE24023
174,BL.EN.U4ECE24024
175,BL.EN.U4ECE24025
176,BL.EN.U4ECE24026
177,BL.EN.U4ECE24027
178,BL.EN.U4ECE24028
179,BL.EN.U4ECE24029
180,BL.EN.U4ECE24030
181,BL.EN.U4ECE24031
182,BL.EN.U4ECE24032
183,BL.EN.U4ECE24033
184,BL.EN.U4ECE24034
185,BL.EN.U4ECE24035
186,BL.EN.U4ECE24036
187,BL.EN.U4ECE24037
188,BL.EN.U4ECE24038
189,BL.EN.U4ECE24039
190,BL.EN.U4ECE24040
191,BL.EN.U4ECE24041
192,BL.EN.U4ECE24042
193,BL.EN.U4EEE24001
194,BL.EN.U4EEE24002
195,BL.EN.U4EEE24003
196,BL.EN.U4EEE24004
197,BL.EN.U4EEE24005
198,BL.EN.U4EEE24006
199,BL.EN.U4EEE24007
200,BL.EN.U4EEE24008
201,BL.EN.U4EEE24009
202,BL.EN.U4EEE24010
203,BL.EN.U4EEE24011
204,BL.EN.U4EEE24012
205,BL.EN.U4EEE24013
206,BL.EN.U4EEE24014
207,BL.EN.U4EEE24015
208,BL.EN.U4EEE24016
209,BL.EN.U4EEE24017
210,BL.EN.U4EEE24018
211,BL.EN.U4EEE24019
212,BL.EN.U4EEE24020
213,BL.EN.U4EEE24021
214,BL.EN.U4EEE24022
215,BL.EN.U4EEE24023
216,BL.EN.U4EEE24024
217,BL.EN.U4EEE24025
218,BL.EN.U4EEE24026
219,BL.EN.U4EEE24027
220,BL.EN.U4EEE24028
221,BL.EN.U4EEE24029
222,BL.EN.U4EEE24030
223,BL.EN.U4EEE24031
224,BL.EN.U4EEE24032
225,BL.EN.U4EEE24033
226,BL.EN.U4EEE24034
227,BL.EN.U4EEE24035
228,BL.EN.U4MEE24001
229,BL.EN.U4MEE24002
230,BL.EN.U4MEE24003
231,BL.EN.U4MEE24004
232,BL.EN.U4MEE24005
233,BL.EN.U4MEE24006
234,BL.EN.U4MEE24007
235,BL.EN.U4MEE24008
236,BL.EN.U4MEE24009
237,BL.EN.U4MEE24010
238,BL.EN.U4MEE24011
239,BL.EN.U4MEE24012
240,BL.EN.U4MEE24013
241,BL.EN.U4MEE24014
242,BL.EN.U4MEE24015
243,BL.EN.U4MEE24016
244,BL.EN.U4MEE24017
245,BL.EN.U4MEE24018
246,BL.EN.U4MEE24019
247,BL.EN.U4MEE24020
248,BL.EN.U4MEE24021
249,BL.EN.U4MEE24022
250,BL.EN.U4MEE24023
251,BL.EN.U4MEE24024
252,BL.EN.U4MEE24025
253,BL.EN.U4RAE24001
254,BL.EN.U4RAE24002
255,BL.EN.U4RAE24003
256,BL.EN.U4RAE24004
257,BL.EN.U4RAE24005
258,BL.EN.U4RAE24006
259,BL.EN.U4RAE24007
260,BL.EN.U4RAE24008
261,BL.EN.U4RAE24009
262,BL.EN.U4RAE24010
263,BL.EN.U4RAE24011
264,BL.EN.U4RAE24012
265,BL.EN.U4RAE24013
266,BL.EN.U4RAE24014
267,BL.EN.U4RAE24015
268,BL.EN.U4RAE24016
269,BL.EN.U4RAE24017
270,BL.EN.U4RAE24018
271,BL.EN.U4RAE24019
272,BL.EN.U4RAE24020
273,BL.EN.U4RAE24021
274,BL.EN.U4RAE24022
275,BL.EN.U4RAE24023
276,BL.EN.U4RAE24024
277,BL.EN.U4RAE24025
278,BL.EN.U4RAE24026
279,BL.EN.U4RAE24027
280,BL.EN.U4RAE24028
281,BL.EN.U4RAE24029
282,BL.EN.U4RAE24030
283,BL.EN.U4RAE24031
284,BL.EN.U4RAE24032
285,BL.EN.U4RAE24033
286,BL.EN.U4RAE24034
287,BL.EN.U4RAE24035
288,BL.EN.U4RAE24036
289,BL.EN.U4RAE24037
290,BL.EN.U4RAE24038
291,BL.EN.U4RAE24039
292,BL.EN.U4RAE24040
293,BL.EN.U4RAE24041
294,BL.EN.U4RAE24042
295,BL.EN.U4RAE24043
296,BL.EN.U4RAE24044
297,BL.EN.U4RAE24045
298,BL.EN.U4RAE24046
299,BL.EN.U4RAE24047
300,BL.EN.U4RAE24048
301,BL.EN.U4RAE24049
302,BL.EN.U4RAE24050
303,BL.EN.U4RAE24051
304,BL.EN.U4RAE24052
305,BL.EN.U4RAE24053
306,BL.EN.U4RAE24054
307,BL.EN.U4RAE24055
308,BL.EN.U4RAE24056
309,BL.EN.U4RAE24057
310,BL.EN.U4RAE24058
311,BL.EN.U4RAE24059
312,BL.EN.U4RAE24060
313,BL.EN.U4RAE24061
314,BL.EN.U4RAE24062
315,BL.EN.U4RAE24063
316,BL.EN.U4RAE24064
317,BL.EN.U4RAE24065
318,BL.EN.U4RAE24066
319,BL.EN.U4RAE24067
320,BL.EN.U4RAE24068
321,BL.EN.U4RAE24069
322,BL.EN.U4RAE24070
323,BL.EN.U4CSE23001
324,BL.EN.U4CSE23002
325,BL.EN.U4CSE23003
326,BL.EN.U4CSE23004
327,BL.EN.U4CSE23005
328,BL.EN.U4CSE23006
329,BL.EN.U4CSE23007
330,BL.EN.U4CSE23008
331,BL.EN.U4CSE23009
332,BL.EN.U4CSE23010
333,BL.EN.U4CSE23011
334,BL.EN.U4CSE23012
335,BL.EN.U4CSE23013
336,BL.EN.U4CSE23014
337,BL.EN.U4CSE23015
338,BL.EN.U4CSE23016
339,BL.EN.U4CSE23017
340,BL.EN.U4CSE23018
341,BL.EN.U4CSE23019
342,BL.EN.U4CSE23020
343,BL.EN.U4CSE23021
344,BL.EN.U4CSE23022
345,BL.EN.U4CSE23023
346,BL.EN.U4CSE23024
347,BL.EN.U4CSE23025
348,BL.EN.U4CSE23026
349,BL.EN.U4CSE23027
350,BL.EN.U4CSE23028
351,BL.EN.U4CSE23029
352,BL.EN.U4CSE23030
353,BL.EN.U4CSE23031
354,BL.EN.U4CSE23032
355,BL.EN.U4CSE23033
356,BL.EN.U4CSE23034
357,BL.EN.U4CSE23035
358,BL.EN.U4CSE23036
359,BL.EN.U4CSE23037
360,BL.EN.U4CSE23038
361,BL.EN.U4CSE23039
362,BL.EN.U4CSE23040
363,BL.EN.U4CSE23041
364,BL.EN.U4CSE23042
365,BL.EN.U4CSE23043
366,BL.EN.U4CSE23044
367,BL.EN.U4CSE23045
368,BL.EN.U4CSE23046
369,BL.EN.U4CSE23047
370,BL.EN.U4CSE23048
371,BL.EN.U4CSE23049
372,BL.EN.U4CSE23050
373,BL.EN.U4CSE23051
374,BL.EN.U4CSE23052
375,BL.EN.U4CSE23053
376,BL.EN.U4CSE23054
377,BL.EN.U4CSE23055
378,BL.EN.U4CSE23056
379,BL.EN.U4CSE23057
380,BL.EN.U4CSE23058
381,BL.EN.U4CSE23059
382,BL.EN.U4CSE23060
383,BL.EN.U4AIE23001
384,BL.EN.U4AIE23002
385,BL.EN.U4AIE23003
386,BL.EN.U4AIE23004
387,BL.EN.U4AIE23005
388,BL.EN.U4AIE23006
389,BL.EN.U4AIE23007
390,BL.EN.U4AIE23008
391,BL.EN.U4AIE23009
392,BL.EN.U4AIE23010
393,BL.EN.U4AIE23011
394,BL.EN.U4AIE23012
395,BL.EN.U4AIE23013
396,BL.EN.U4AIE23014
397,BL.EN.U4AIE23015
398,BL.EN.U4AIE23016
399,BL.EN.U4AIE23017
400,BL.EN.U4AIE23018
401,BL.EN.U4AIE23019
402,BL.EN.U4AIE23020
403,BL.EN.U4AIE23021
404,BL.EN.U4AIE23022
405,BL.EN.U4AIE23023
406,BL.EN.U4AIE23024
407,BL.EN.U4AIE23025
408,BL.EN.U4AIE23026
409,BL.EN.U4AIE23027
410,BL.EN.U4AIE23028
411,BL.EN.U4AIE23029
412,BL.EN.U4AIE23030
413,BL.EN.U4AIE23031
414,BL.EN.U4AIE23032
415,BL.EN.U4AIE23033
416,BL.EN.U4AIE23034
417,BL.EN.U4AIE23035
418,BL.EN.U4AIE23036
419,BL.EN.U4AIE23037
420,BL.EN.U4AIE23038
421,BL.EN.U4AIE23039
422,BL.EN.U4AIE23040
423,BL.EN.U4AIE23041
424,BL.EN.U4AIE23042
425,BL.EN.U4AIE23043
426,BL.EN.U4AIE23044
427,BL.EN.U4AIE23045
428,BL.EN.U4AIE23046
429,BL.EN.U4AIE23047
430,BL.EN.U4AIE23048
431,BL.EN.U4AIE23049
432,BL.EN.U4AIE23050
433,BL.EN.U4AID23001
434,BL.EN.U4AID23002
435,BL.EN.U4AID23003
436,BL.EN.U4AID23004
437,BL.EN.U4AID23005
438,BL.EN.U4AID23006
439,BL.EN.U4AID23007
440,BL.EN.U4AID23008
441,BL.EN.U4AID23009
442,BL.EN.U4AID23010
443,BL.EN.U4AID23011
444,BL.EN.U4AID23012
445,BL.EN.U4AID23013
446,BL.EN.U4AID23014
447,BL.EN.U4AID23015
448,BL.EN.U4AID23016
449,BL.EN.U4AID23017
450,BL.EN.U4AID23018
451,BL.EN.U4AID23019
452,BL.EN.U4AID23020
453,BL.EN.U4AID23021
454,BL.EN.U4AID23022
455,BL.EN.U4AID23023
456,BL.EN.U4AID23024
457,BL.EN.U4AID23025
458,BL.EN.U4AID23026
459,BL.EN.U4AID23027
460,BL.EN.U4AID23028
461,BL.EN.U4AID23029
462,BL.EN.U4AID23030
463,BL.EN.U4AID23031
464,BL.EN.U4AID23032
465,BL.EN.U4AID23033
466,BL.EN.U4AID23034
467,BL.EN.U4AID23035
468,BL.EN.U4AID23036
469,BL.EN.U4AID23037
470,BL.EN.U4AID23038
471,BL.EN.U4AID23039
472,BL.EN.U4AID23040
473,BL.EN.U4ECE23001
474,BL.EN.U4ECE23002
475,BL.EN.U4ECE23003
476,BL.EN.U4ECE23004
477,BL.EN.U4ECE23005
478,BL.EN.U4ECE23006
479,BL.EN.U4ECE23007
480,BL.EN.U4ECE23008
481,BL.EN.U4ECE23009
482,BL.EN.U4ECE23010
483,BL.EN.U4ECE23011
484,BL.EN.U4ECE23012
485,BL.EN.U4ECE23013
486,BL.EN.U4ECE23014
487,BL.EN.U4ECE23015
488,BL.EN.U4ECE23016
489,BL.EN.U4ECE23017
490,BL.EN.U4ECE23018
491,BL.EN.U4ECE23019
492,BL.EN.U4ECE23020
493,BL.EN.U4ECE23021
494,BL.EN.U4ECE23022
495,BL.EN.U4ECE23023
496,BL.EN.U4ECE23024
497,BL.EN.U4ECE23025
498,BL.EN.U4ECE23026
499,BL.EN.U4ECE23027
500,BL.EN.U4ECE23028
501,BL.EN.U4ECE23029
502,BL.EN.U4ECE23030
503,BL.EN.U4ECE23031
504,BL.EN.U4ECE23032
505,BL.EN.U4ECE23033
506,BL.EN.U4ECE23034
507,BL.EN.U4ECE23035
508,BL.EN.U4ECE23036
509,BL.EN.U4ECE23037
510,BL.EN.U4ECE23038
511,BL.EN.U4ECE23039
512,BL.EN.U4ECE23040
513,BL.EN.U4ECE23041
514,BL.EN.U4ECE23042
515,BL.EN.U4ECE23043
516,BL.EN.U4ECE23044
517,BL.EN.U4ECE23045
518,BL.EN.U4ECE23046
519,BL.EN.U4ECE23047
520,BL.EN.U4ECE23048
521,BL.EN.U4ECE23049
522,BL.EN.U4ECE23050
523,BL.EN.U4ECE23051
524,BL.EN.U4ECE23052
525,BL.EN.U4ECE23053
526,BL.EN.U4ECE23054
527,BL.EN.U4ECE23055
528,BL.EN.U4EEE23001
529,BL.EN.U4EEE23002
530,BL.EN.U4EEE23003
531,BL.EN.U4EEE23004
532,BL.EN.U4EEE23005
533,BL.EN.U4EEE23006
534,BL.EN.U4EEE23007
535,BL.EN.U4EEE23008
536,BL.EN.U4EEE23009
537,BL.EN.U4EEE23010
538,BL.EN.U4EEE23011
539,BL.EN.U4EEE23012
540,BL.EN.U4EEE23013
541,BL.EN.U4EEE23014
542,BL.EN.U4EEE23015
543,BL.EN.U4EEE23016
544,BL.EN.U4EEE23017
545,BL.EN.U4EEE23018
546,BL.EN.U4EEE23019
547,BL.EN.U4EEE23020
548,BL.EN.U4EEE23021
549,BL.EN.U4EEE23022
550,BL.EN.U4EEE23023
551,BL.EN.U4EEE23024
552,BL.EN.U4EEE23025
553,BL.EN.U4EEE23026
554,BL.EN.U4EEE23027
555,BL.EN.U4EEE23028
556,BL.EN.U4MEE23001
557,BL.EN.U4MEE23002
558,BL.EN.U4MEE23003
559,BL.EN.U4MEE23004
560,BL.EN.U4MEE23005
561,BL.EN.U4MEE23006
562,BL.EN.U4MEE23007
563,BL.EN.U4MEE23008
564,BL.EN.U4MEE23009
565,BL.EN.U4MEE23010
566,BL.EN.U4MEE23011
567,BL.EN.U4MEE23012
568,BL.EN.U4MEE23013
569,BL.EN.U4MEE23014
570,BL.EN.U4MEE23015
571,BL.EN.U4MEE23016
572,BL.EN.U4MEE23017
573,BL.EN.U4MEE23018
574,BL.EN.U4MEE23019
575,BL.EN.U4MEE23020
576,BL.EN.U4MEE23021
577,BL.EN.U4MEE23022
578,BL.EN.U4MEE23023
579,BL.EN.U4MEE23024
580,BL.EN.U4MEE23025
581,BL.EN.U4MEE23026
582,BL.EN.U4MEE23027
583,BL.EN.U4MEE23028
584,BL.EN.U4MEE23029
585,BL.EN.U4MEE23030
586,BL.EN.U4MEE23031
587,BL.EN.U4MEE23032
588,BL.EN.U4RAE23001
589,BL.EN.U4RAE23002
590,BL.EN.U4RAE23003
591,BL.EN.U4RAE23004
592,BL.EN.U4RAE23005
593,BL.EN.U4RAE23006
594,BL.EN.U4RAE23007
595,BL.EN.U4RAE23008
596,BL.EN.U4RAE23009
597,BL.EN.U4RAE23010
598,BL.EN.U4RAE23011
599,BL.EN.U4RAE23012
600,BL.EN.U4RAE23013
601,BL.EN.U4RAE23014
602,BL.EN.U4RAE23015
603,BL.EN.U4RAE23016
604,BL.EN.U4RAE23017
605,BL.EN.U4RAE23018
606,BL.EN.U4RAE23019
607,BL.EN.U4RAE23020
608,BL.EN.U4RAE23021
609,BL.EN.U4RAE23022
610,BL.EN.U4RAE23023
611,BL.EN.U4RAE23024
612,BL.EN.U4RAE23025
613,BL.EN.U4RAE23026
614,BL.EN.U4RAE23027
615,BL.EN.U4RAE23028
616,BL.EN.U4RAE23029
617,BL.EN.U4RAE23030
618,BL.EN.U4RAE23031
619,BL.EN.U4RAE23032
620,BL.EN.U4RAE23033
621,BL.EN.U4RAE23034
622,BL.EN.U4RAE23035
623,BL.EN.U4RAE23036
624,BL.EN.U4RAE23037
625,BL.EN.U4RAE23038
626,BL.EN.U4RAE23039
627,BL.EN.U4RAE23040
628,BL.EN.U4RAE23041
629,BL.EN.U4RAE23042
630,BL.EN.U4RAE23043
631,BL.EN.U4RAE23044
632,BL.EN.U4RAE23045
633,BL.EN.U4RAE23046
634,BL.EN.U4RAE23047
635,BL.EN.U4RAE23048
636,BL.EN.U4RAE23049
637,BL.EN.U4RAE23050
638,BL.EN.U4RAE23051
639,BL.EN.U4RAE23052
640,BL.EN.U4RAE23053
641,BL.EN.U4RAE23054
642,BL.EN.U4RAE23055
643,BL.EN.U4RAE23056
644,BL.EN.U4RAE23057
645,BL.EN.U4RAE23058
646,BL.EN.U4RAE23059
647,BL.EN.U4RAE23060
648,BL.EN.U4RAE23061
649,BL.EN.U4RAE23062
650,BL.EN.U4CSE22001
651,BL.EN.U4CSE22002
652,BL.EN.U4CSE22003
653,BL.EN.U4CSE22004
654,BL.EN.U4CSE22005
655,BL.EN.U4CSE22006
656,BL.EN.U4CSE22007
657,BL.EN.U4CSE22008
658,BL.EN.U4CSE22009
659,BL.EN.U4CSE22010
660,BL.EN.U4CSE22011
661,BL.EN.U4CSE22012
662,BL.EN.U4CSE22013
663,BL.EN.U4CSE22014
664,BL.EN.U4CSE22015
665,BL.EN.U4CSE22016
666,BL.EN.U4CSE22017
667,BL.EN.U4CSE22018
668,BL.EN.U4CSE22019
669,BL.EN.U4CSE22020
670,BL.EN.U4CSE22021
671,BL.EN.U4CSE22022
672,BL.EN.U4CSE22023
673,BL.EN.U4CSE22024
674,BL.EN.U4CSE22025
675,BL.EN.U4CSE22026
676,BL.EN.U4CSE22027
677,BL.EN.U4CSE22028
678,BL.EN.U4CSE22029
679,BL.EN.U4CSE22030
680,BL.EN.U4CSE22031
681,BL.EN.U4CSE22032
682,BL.EN.U4CSE22033
683,BL.EN.U4CSE22034
684,BL.EN.U4CSE22035
685,BL.EN.U4CSE22036
686,BL.EN.U4CSE22037
687,BL.EN.U4CSE22038
688,BL.EN.U4CSE22039
689,BL.EN.U4CSE22040
690,BL.EN.U4CSE22041
691,BL.EN.U4CSE22042
692,BL.EN.U4AIE22001
693,BL.EN.U4AIE22002
694,BL.EN.U4AIE22003
695,BL.EN.U4AIE22004
696,BL.EN.U4AIE22005
697,BL.EN.U4AIE22006
698,BL.EN.U4AIE22007
699,BL.EN.U4AIE22008
700,BL.EN.U4AIE22009
701,BL.EN.U4AIE22010
702,BL.EN.U4AIE22011
703,BL.EN.U4AIE22012
704,BL.EN.U4AIE22013
705,BL.EN.U4AIE22014
706,BL.EN.U4AIE22015
707,BL.EN.U4AIE22016
708,BL.EN.U4AIE22017
709,BL.EN.U4AIE22018
710,BL.EN.U4AIE22019
711,BL.EN.U4AIE22020
712,BL.EN.U4AIE22021
713,BL.EN.U4AIE22022
714,BL.EN.U4AIE22023
715,BL.EN.U4AIE22024
716,BL.EN.U4AIE22025
717,BL.EN.U4AIE22026
718,BL.EN.U4AIE22027
719,BL.EN.U4AIE22028
720,BL.EN.U4AIE22029
721,BL.EN.U4AIE22030
722,BL.EN.U4AIE22031
723,BL.EN.U4AIE22032
724,BL.EN.U4AIE22033
725,BL.EN.U4AIE22034
726,BL.EN.U4AIE22035
727,BL.EN.U4AIE22036
728,BL.EN.U4AIE22037
729,BL.EN.U4AIE22038
730,BL.EN.U4AIE22039
731,BL.EN.U4AIE22040
732,BL.EN.U4AIE22041
733,BL.EN.U4AIE22042
734,BL.EN.U4AIE22043
735,BL.EN.U4AIE22044
736,BL.EN.U4AIE22045
737,BL.EN.U4AIE22046
738,BL.EN.U4AIE22047
739,BL.EN.U4AIE22048
740,BL.EN.U4AIE22049
741,BL.EN.U4AIE22050
742,BL.EN.U4AIE22051
743,BL.EN.U4AIE22052
744,BL.EN.U4AID22001
745,BL.EN.U4AID22002
746,BL.EN.U4AID22003
747,BL.EN.U4AID22004
748,BL.EN.U4AID22005
749,BL.EN.U4AID22006
750,BL.EN.U4AID22007
751,BL.EN.U4AID22008
752,BL.EN.U4AID22009
753,BL.EN.U4AID22010
754,BL.EN.U4AID22011
755,BL.EN.U4AID22012
756,BL.EN.U4AID22013
757,BL.EN.U4AID22014
758,BL.EN.U4AID22015
759,BL.EN.U4AID22016
760,BL.EN.U4AID22017
761,BL.EN.U4AID22018
762,BL.EN.U4AID22019
763,BL.EN.U4AID22020
764,BL.EN.U4ECE22001
765,BL.EN.U4ECE22002
766,BL.EN.U4ECE22003
767,BL.EN.U4ECE22004
768,BL.EN.U4ECE22005
769,BL.EN.U4ECE22006
770,BL.EN.U4ECE22007
771,BL.EN.U4ECE22008
772,BL.EN.U4ECE22009
773,BL.EN.U4ECE22010
774,BL.EN.U4ECE22011
775,BL.EN.U4ECE22012
776,BL.EN.U4ECE22013
777,BL.EN.U4ECE22014
778,BL.EN.U4ECE22015
779,BL.EN.U4ECE22016
780,BL.EN.U4ECE22017
781,BL.EN.U4ECE22018
782,BL.EN.U4ECE22019
783,BL.EN.U4ECE22020
784,BL.EN.U4ECE22021
785,BL.EN.U4ECE22022
786,BL.EN.U4ECE22023
787,BL.EN.U4ECE22024
788,BL.EN.U4ECE22025
789,BL.EN.U4ECE22026
790,BL.EN.U4ECE22027
791,BL.EN.U4ECE22028
792,BL.EN.U4ECE22029
793,BL.EN.U4ECE22030
794,BL.EN.U4ECE22031
795,BL.EN.U4ECE22032
796,BL.EN.U4ECE22033
797,BL.EN.U4ECE22034
798,BL.EN.U4ECE22035
799,BL.EN.U4ECE22036
800,BL.EN.U4ECE22037
801,BL.EN.U4ECE22038
802,BL.EN.U4ECE22039
803,BL.EN.U4ECE22040
804,BL.EN.U4ECE22041
805,BL.EN.U4ECE22042
806,BL.EN.U4ECE22043
807,BL.EN.U4ECE22044
808,BL.EN.U4ECE22045
809,BL.EN.U4ECE22046
810,BL.EN.U4ECE22047
811,BL.EN.U4ECE22048
812,BL.EN.U4ECE22049
813,BL.EN.U4ECE22050
814,BL.EN.U4ECE22051
815,BL.EN.U4ECE22052
816,BL.EN.U4ECE22053
817,BL.EN.U4ECE22054
818,BL.EN.U4ECE22055
819,BL.EN.U4ECE22056
820,BL.EN.U4EEE22001
821,BL.EN.U4EEE22002
822,BL.EN.U4EEE22003
823,BL.EN.U4EEE22004
824,BL.EN.U4EEE22005
825,BL.EN.U4EEE22006
826,BL.EN.U4EEE22007
827,BL.EN.U4EEE22008
828,BL.EN.U4EEE22009
829,BL.EN.U4EEE22010
830,BL.EN.U4EEE22011
831,BL.EN.U4EEE22012
832,BL.EN.U4EEE22013
833,BL.EN.U4EEE22014
834,BL.EN.U4EEE22015
835,BL.EN.U4EEE22016
836,BL.EN.U4EEE22017
837,BL.EN.U4EEE22018
838,BL.EN.U4MEE22001
839,BL.EN.U4MEE22002
840,BL.EN.U4MEE22003
841,BL.EN.U4MEE22004
842,BL.EN.U4MEE22005
843,BL.EN.U4MEE22006
844,BL.EN.U4MEE22007
845,BL.EN.U4MEE22008
846,BL.EN.U4MEE22009
847,BL.EN.U4MEE22010
848,BL.EN.U4MEE22011
849,BL.EN.U4MEE22012
850,BL.EN.U4MEE22013
851,BL.EN.U4MEE22014
852,BL.EN.U4MEE22015
853,BL.EN.U4MEE22016
854,BL.EN.U4MEE22017
855,BL.EN.U4MEE22018
856,BL.EN.U4MEE22019
857,BL.EN.U4MEE22020
858,BL.EN.U4MEE22021
859,BL.EN.U4MEE22022
860,BL.EN.U4MEE22023
861,BL.EN.U4MEE22024
862,BL.EN.U4MEE22025
863,BL.EN.U4RAE22001
864,BL.EN.U4RAE22002
865,BL.EN.U4RAE22003
866,BL.EN.U4RAE22004
867,BL.EN.U4RAE22005
868,BL.EN.U4RAE22006
869,BL.EN.U4RAE22007
870,BL.EN.U4RAE22008
871,BL.EN.U4RAE22009
872,BL.EN.U4RAE22010
873,BL.EN.U4RAE22011
874,BL.EN.U4RAE22012
875,BL.EN.U4RAE22013
876,BL.EN.U4RAE22014
877,BL.EN.U4RAE22015
878,BL.EN.U4RAE22016
879,BL.EN.U4RAE22017
880,BL.EN.U4RAE22018
881,BL.EN.U4RAE22019
882,BL.EN.U4RAE22020
883,BL.EN.U4RAE22021
884,BL.EN.U4RAE22022
885,BL.EN.U4RAE22023
886,BL.EN.U4RAE22024
887,BL.EN.U4RAE22025
888,BL.EN.U4RAE22026
889,BL.EN.U4RAE22027
890,BL.EN.U4RAE22028
891,BL.EN.U4RAE22029
892,BL.EN.U4RAE22030
893,BL.EN.U4RAE22031
894,BL.EN.U4RAE22032
895,BL.EN.U4RAE22033
896,BL.EN.U4RAE22034
897,BL.EN.U4RAE22035
898,BL.EN.U4RAE22036
899,BL.EN.U4RAE22037
900,BL.EN.U4RAE22038
901,BL.EN.U4RAE22039
902,BL.EN.U4RAE22040
